TITLE,ID,VIEWS,LIKES,DISLIKES,COMMENTS,FAVORITES
The Social Network (2010) best scene,xdiFzcpmmJc,3483256,16563,343,1975,0
The Social Network (2010) - Hacking scene,BPazh2kDdvA,865023,3901,188,485,0
The Social Network (2010) - You&#39;re Breaking Up With Me? Scene (1/10) | Movieclips,VlSkPA60ujQ,897536,4622,122,651,0
Lok Sabha Election 2019 Results LIVE | sttiik ntiije,vO2aWm-WAI0,31263039,158286,28189,0,0
The Social Network - Facemash Scene,OLnd6-thEHM,455887,0,0,0,0
The Social Network (2010) - Cease and Desist Scene (3/10) | Movieclips,6-_tIPShuwQ,624991,2818,52,171,0
THE SOCIAL NETWORK - Official Trailer (HD),lB95KLmpLR4,11367641,31231,1440,8035,0
"The Social Network (2010) - I&#39;m CEO, Bitch Scene (7/10) | Movieclips",6KHyMISpE18,449675,2196,58,134,0
The Social Network (2010) - I Deserve Some Recognition Scene (2/10) | Movieclips,-Koj9hvcBMk,406951,1910,43,75,0
The Social Network (2010) - I Was Your Only Friend Scene (9/10) | Movieclips,y3NLNK72mzI,977248,3753,95,378,0
The Social Network (2010) - We Have Groupies Scene (4/10) | Movieclips,TGqOd_3mrr4,605502,1956,96,156,0
The Social Network (2010) - Putting Out Fires Scene (8/10) | Movieclips,Dwiczhta4e0,298158,1408,37,93,0
Business Meeting Mark Zuckerberg/Sean Parker : The Social Network,c1gtBC5Na48,472101,1511,45,235,0
The Social Network (2010) - A Billion Dollars Scene (6/10) | Movieclips,k5fJmkv02is,660919,2913,98,264,0
The Social Network (2010) - I&#39;m Not a Bad Guy Scene (10/10) | Movieclips,JFeaWHDQzQA,633924,2420,65,222,0
"The Social Network -- &quot;Shit, I Need a Second&quot;",lnEPTMiWqbc,710405,2537,140,18,0
The Social Network (2010) - &#39;Intriguing Possibilities&#39; scene [1080],24E2WNAvQNU,19819,177,8,12,0
The Social Network 2010 - Ending scene(Mark fires Sean),k0DEKK81dO8,21356,125,3,3,0
The Social Network - Favorite Scene,mOMUe26X3mo,3250748,16060,461,2283,0
&#39;The Social Network&#39; Clip Starring &#39;Fifty Shades of Grey&#39; Actress Dakota Johnson,_7sQJDY8l8U,1617430,5030,187,518,0
The Social Network (2010) - Right and Wrong Scene (5/10) | Movieclips,rX6oUNKUbI8,573176,2495,60,215,0
How The Social Network Should Have Ended,Nnl-yQjGYBs,7536814,51403,3436,6205,0
The Social Network - Courtroom Scene,VKnNUYknsuQ,314708,1512,35,261,0
'Social Network' (2010) Argument between Mark and Eduardo,LE1HjFPLru4,413830,1689,48,217,0
How Aaron Sorkin Wrote The Social Network,PNarYM5t4TA,15450,1125,8,178,0
Larry Summers and the Winklevoss twins Scene from The Social Network,Y3JtmZugzl4,445430,1283,34,371,0
The Social Network #5 Movie CLIP - I Founded Napster (2010) HD,8eu9yZ6pWjg,425046,770,49,94,0
The Social Network - Relationship Status Scene,UdjGiIn9HMM,1081987,2963,117,217,0
Facebook me! at Bill Gates&#39; lecture - &quot;The Social Network movie&quot; [HD],lUJR15_1QPY,615054,1503,54,115,0
